{"cameraMode":{"drawMode":0,"name":"Shaded","section":"Shading Mode"},"sceneLighting":true,"audioPlay":false,"sceneViewState":{"m_AlwaysRefresh":false,"showFog":true,"showSkybox":true,"showFlares":true,"showImageEffects":true,"showParticleSystems":true,"showVisualEffectGraphs":true,"m_FxEnabled":true},"in2DMode":false,"pivot":{"x":3.629042148590088,"y":3.6254332065582277,"z":-4.978726387023926},"rotation":{"x":-0.011251366697251797,"y":0.2511266767978668,"z":0.003187287598848343,"w":0.9679702520370483},"size":0.18085157871246339,"orthographic":false}